Event,0
"Wrestling Men's Middleweight B, Greco-Roman",0.0
"Art Competitions Mixed Literature, Dramatic Works",0.0
"Art Competitions Mixed Architecture, Unknown Event",0.0
Shooting Men's Unknown Event,0.0
"Art Competitions Mixed Sculpturing, Unknown Event",0.0
"Art Competitions Mixed Music, Unknown Event",0.0
"Art Competitions Mixed Music, Vocals",0.0
"Art Competitions Mixed Painting, Unknown Event",0.0
Archery Men's Unknown Event,0.0
Art Competitions Mixed Unknown Event,0.0
"Art Competitions Mixed Music, Instrumental And Chamber",0.0
"Art Competitions Mixed Literature, Unknown Event",0.0
"Art Competitions Mixed Sculpturing, Medals",0.0
"Art Competitions Mixed Sculpturing, Medals And Plaques",0.0
Sailing Mixed 18 foot,0.0
"Gymnastics Men's Individual All-Around, Apparatus Work",0.008403361344537815
"Gymnastics Men's Individual All-Around, Field Sports",0.00847457627118644
"Cycling Men's Road Race, Individual",0.008822531387852052
"Art Competitions Mixed Painting, Paintings",0.009708737864077669
Gymnastics Men's Floor Exercise,0.010638297872340425
"Shooting Men's Military Rifle, Three Positions, 300 metres",0.01098901098901099
Gymnastics Women's Individual All-Around,0.011046133853151396
Gymnastics Men's Individual All-Around,0.0112
Gymnastics Men's Parallel Bars,0.01171303074670571
Gymnastics Women's Balance Beam,0.011757021554539516
"Shooting Men's Military Rifle, Any Position, 600 metres",0.011764705882352941
Gymnastics Women's Uneven Bars,0.011764705882352941
Athletics Women's Marathon,0.012080536912751677
"Shooting Mixed Small-Bore Rifle, Prone, 50 metres",0.012461059190031152
Gymnastics Men's Rings,0.01287128712871287
Gymnastics Women's Floor Exercise,0.01309757694826457
Gymnastics Men's Horizontal Bar,0.013228809407153356
"Art Competitions Mixed Painting, Applied Arts",0.013333333333333334
Gymnastics Women's Horse Vault,0.01347305389221557
"Shooting Men's Free Rifle, Prone, 600 metres",0.0136986301369863
"Art Competitions Mixed Painting, Drawings And Water Colors",0.013793103448275862
Athletics Men's Marathon,0.01385570950788342
Swimming Women's 50 metres Freestyle,0.01444043321299639
Gymnastics Men's Horse Vault,0.014453961456102784
Swimming Men's 50 metres Freestyle,0.014754098360655738
Gymnastics Men's Pommelled Horse,0.014771048744460856
Table Tennis Men's Singles,0.014925373134328358
Athletics Men's 100 metres,0.014979338842975207
Table Tennis Women's Singles,0.015444015444015444
Archery Men's Individual,0.0163265306122449
"Equestrianism Mixed Jumping, Individual",0.016683022571148183
"Cycling Women's Road Race, Individual",0.01675977653631285
Athletics Women's 20 kilometres Walk,0.016835016835016835
Shooting Mixed Skeet,0.01707317073170732
"Fencing Men's epee, Individual",0.017094017094017096
"Shooting Men's Small-Bore Rifle, Prone, 50 metres",0.017507723995880537
"Shooting Mixed Small-Bore Rifle, Three Positions, 50 metres",0.01762114537444934
Art Competitions Mixed Painting,0.017857142857142856
"Equestrianism Mixed Three-Day Event, Individual",0.017879948914431672
Athletics Men's 200 metres,0.018060200668896322
Archery Women's Individual,0.018461538461538463
Art Competitions Mixed Sculpturing,0.018518518518518517
Triathlon Men's Olympic Distance,0.018796992481203006
Athletics Women's 100 metres,0.01881467544684854
Triathlon Women's Olympic Distance,0.019011406844106463
"Shooting Mixed Free Pistol, 50 metres",0.019230769230769232
Shooting Mixed Trap,0.01928374655647383
"Shooting Mixed Rapid-Fire Pistol, 25 metres",0.019417475728155338
Swimming Men's 100 metres Butterfly,0.019490254872563718
"Art Competitions Mixed Sculpturing, Statues",0.019704433497536946
"Shooting Men's Free Rifle, 1,000 Yards",0.02
Swimming Men's 200 metres Freestyle,0.020086083213773313
"Athletics Women's 3,000 metres Steeplechase",0.02027027027027027
Tennis Men's Singles,0.020356234096692113
Swimming Men's 100 metres Breaststroke,0.02037617554858934
"Shooting Men's Small-Bore Rifle, Standing, 50 metres",0.02040816326530612
Golf Men's Individual,0.02040816326530612
Athletics Men's 400 metres,0.020465772759350742
"Fencing Men's Foil, Individual",0.020633750921149593
"Cycling Men's Mountainbike, Cross-Country",0.020833333333333332
Swimming Men's 100 metres Freestyle,0.02084942084942085
"Shooting Men's Air Rifle, 10 metres",0.02097902097902098
"Shooting Men's Small-Bore Rifle, Three Positions, 50 metres",0.0210016155088853
"Shooting Women's Air Rifle, 10 metres",0.021479713603818614
"Shooting Men's Military Rifle, Kneeling Or Standing, 300 metres",0.021739130434782608
"Shooting Men's Air Pistol, 10 metres",0.02185792349726776
Athletics Men's 800 metres,0.02195306585919758
Swimming Men's 200 metres Individual Medley,0.02217741935483871
Sailing Mixed Windsurfer,0.022222222222222223
Athletics Women's 10 kilometres Walk,0.022727272727272728
"Equestrianism Men's Three-Day Event, Individual",0.022779043280182234
"Shooting Women's Air Pistol, 10 metres",0.022988505747126436
Badminton Women's Singles,0.023026315789473683
"Athletics Men's Cross-Country, Individual",0.023076923076923078
"Shooting Men's Free Pistol, 50 metres",0.023227383863080684
"Shooting Men's Free Pistol, 50 yards",0.023255813953488372
Athletics Men's 20 kilometres Walk,0.023323615160349854
Athletics Women's 200 metres,0.023529411764705882
Athletics Women's 400 metres,0.02356902356902357
"Fencing Men's Sabre, Individual",0.023577235772357725
Shooting Men's Skeet,0.023715415019762844
"Shooting Men's Dueling Pistol, 30 metres",0.023809523809523808
Modern Pentathlon Men's Individual,0.02385685884691849
Badminton Men's Singles,0.023890784982935155
"Shooting Men's Small-Bore Rifle, Any Position, 50 metres",0.024390243902439025
"Athletics Men's 5,000 metres",0.024439918533604887
Tennis Women's Singles,0.02456140350877193
Athletics Men's 50 kilometres Walk,0.02457956015523933
Shooting Men's Trap,0.02459016393442623
Swimming Women's 100 metres Breaststroke,0.024667931688804556
"Athletics Men's 1,500 metres",0.02495697074010327
"Athletics Women's 5,000 metres",0.02553191489361702
Athletics Women's Hammer Throw,0.02564102564102564
Sailing Men's Windsurfer,0.026143790849673203
"Equestrianism Mixed Dressage, Individual",0.026153846153846153
Swimming Women's 200 metres Freestyle,0.026156941649899398
"Shooting Men's Free Rifle, Three Positions, 300 metres",0.02617801047120419
"Equestrianism Men's Jumping, Individual",0.02622950819672131
"Wrestling Men's Middleweight A, Greco-Roman",0.02631578947368421
"Shooting Women's Sporting Pistol, 25 metres",0.02631578947368421
"Shooting Women's Small-Bore Rifle, Three Positions, 50 metres",0.02654867256637168
Cycling Men's Individual Time Trial,0.02666666666666667
"Fencing Women's epee, Individual",0.026785714285714284
Synchronized Swimming Women's Solo,0.026845637583892617
"Fencing Women's Foil, Individual",0.026862026862026864
Swimming Women's 200 metres Individual Medley,0.02689486552567237
"Gymnastics Men's Individual All-Around, 5 Events",0.02702702702702703
"Shooting Men's Rapid-Fire Pistol, 25 metres",0.027287319422150885
Gymnastics Men's Side Horse,0.0273972602739726
Swimming Women's 100 metres Freestyle,0.027455121436114043
Swimming Women's 100 metres Butterfly,0.02768166089965398
"Shooting Men's Small-Bore Rifle, Disappearing Target, 25 metres",0.027777777777777776
Swimming Men's 400 metres Freestyle,0.028017241379310345
"Athletics Women's 1,500 metres",0.02810304449648712
Judo Men's Half-Lightweight,0.028169014084507043
Swimming Men's 200 metres Butterfly,0.028169014084507043
"Athletics Men's 10,000 metres",0.02823529411764706
Swimming Men's 100 metres Backstroke,0.02823529411764706
Sailing Men's One Person Dinghy,0.02834008097165992
Athletics Women's Pole Vault,0.028409090909090908
Golf Women's Individual,0.02857142857142857
"Shooting Men's Free Rifle, Any Position, 300 metres",0.02857142857142857
"Athletics Women's 10,000 metres",0.02867383512544803
Athletics Women's 100 metres Hurdles,0.02877697841726619
Swimming Men's 200 metres Breaststroke,0.02880184331797235
Athletics Women's 800 metres,0.02882882882882883
Swimming Men's 200 metres Backstroke,0.029013539651837523
Judo Men's Extra-Lightweight,0.02932551319648094
Cycling Men's 20 kilometres,0.029411764705882353
Cycling Men's 50 kilometres,0.029411764705882353
"Cycling Men's 5,000 metres",0.029411764705882353
Athletics Women's 400 metres Hurdles,0.029801324503311258
Judo Men's Half-Middleweight,0.029850746268656716
Athletics Women's Triple Jump,0.03
Judo Men's Lightweight,0.030303030303030304
Athletics Men's Long Jump,0.03039832285115304
Modern Pentathlon Women's Individual,0.03048780487804878
"Fencing Women's Sabre, Individual",0.030534351145038167
"Athletics Women's 3,000 metres",0.030612244897959183
"Art Competitions Mixed Architecture, Designs For Town Planning",0.03067484662576687
Athletics Women's Heptathlon,0.030716723549488054
Swimming Women's 200 metres Backstroke,0.030805687203791468
Table Tennis Men's Doubles,0.031055900621118012
Cycling Men's BMX,0.03125
Athletics Women's Long Jump,0.031413612565445025
Swimming Men's 400 metres Individual Medley,0.03153153153153153
"Art Competitions Mixed Architecture, Architectural Designs",0.031578947368421054
Athletics Men's 400 metres Hurdles,0.031668696711327646
"Athletics Men's 3,000 metres Steeplechase",0.03168044077134986
"Fencing Men's Foil, Masters, Individual",0.031746031746031744
Athletics Men's 5 mile,0.031746031746031744
"Shooting Mixed Free Rifle, Three Positions, 300 metres",0.031746031746031744
Swimming Women's 100 metres Backstroke,0.03197674418604651
Boxing Men's Light-Welterweight,0.032196969696969696
"Shooting Men's Military Revolver, 1873-1874 Gras Model, 20 metres",0.03225806451612903
"Shooting Men's Military Revolver, 20 metres",0.03225806451612903
Equestrianism Mixed Four-In-Hand Competition,0.03225806451612903
Judo Men's Middleweight,0.03225806451612903
"Shooting Men's Military Rifle, 1873-1874 Gras Model, Kneeling Or Standing, 200 metres",0.03225806451612903
Athletics Men's 110 metres Hurdles,0.03236607142857143
Rhythmic Gymnastics Women's Individual,0.03296703296703297
Sailing Mixed Open,0.03296703296703297
"Shooting Men's Free Rifle, Prone, 300 metres",0.03333333333333333
"Shooting Men's Free Rifle, Kneeling, 300 metres",0.03333333333333333
"Shooting Men's Free Rifle, Standing, 300 metres",0.03333333333333333
Sailing Women's One Person Dinghy,0.03333333333333333
Sailing Men's Two Person Dinghy,0.03333333333333333
Sailing Mixed One Person Dinghy,0.03350970017636684
Athletics Men's High Jump,0.03352601156069364
Cycling Men's 100 kilometres Team Time Trial,0.03367633302151544
"Cycling Women's Mountainbike, Cross-Country",0.033707865168539325
"Canoeing Men's Kayak Singles, Slalom",0.03375527426160337
Judo Men's Half-Heavyweight,0.03380281690140845
Athletics Men's Decathlon,0.034013605442176874
Swimming Women's 200 metres Breaststroke,0.034161490683229816
Athletics Men's Triple Jump,0.03423848878394333
Swimming Women's 200 metres Butterfly,0.03439153439153439
"Swimming Men's 4,000 metres Freestyle",0.034482758620689655
Table Tennis Women's Doubles,0.034482758620689655
Cycling Men's Sprint,0.03461538461538462
"Swimming Men's 1,500 metres Freestyle",0.034722222222222224
Athletics Men's Discus Throw,0.03477218225419664
Swimming Women's 400 metres Freestyle,0.03503184713375796
"Canoeing Women's Kayak Singles, 200 metres",0.03508771929824561
Cycling Men's Points Race,0.035555555555555556
Swimming Women's 400 metres Individual Medley,0.035623409669211195
"Shooting Men's Free Pistol, 25 metres",0.03571428571428571
Athletics Men's Javelin Throw,0.03581661891117478
"Art Competitions Mixed Painting, Graphic Arts",0.03614457831325301
"Athletics Men's Javelin Throw, Freestyle",0.03636363636363636
Boxing Men's Welterweight,0.0364741641337386
Boxing Men's Light-Flyweight,0.03672316384180791
Athletics Women's High Jump,0.03690685413005272
Boxing Men's Light-Middleweight,0.037037037037037035
Boxing Men's Lightweight,0.03714710252600297
Diving Men's Springboard,0.03719599427753934
Diving Men's Platform,0.03741007194244604
Swimming Women's 800 metres Freestyle,0.037463976945244955
Boxing Men's Featherweight,0.037520391517128875
Art Competitions Mixed Music,0.03773584905660377
Sailing Women's Windsurfer,0.03804347826086957
Cycling Men's 100 kilometres,0.038461538461538464
Diving Men's Plain High,0.038461538461538464
Athletics Men's Pentathlon (Ancient),0.038461538461538464
Boxing Men's Bantamweight,0.03863987635239567
Judo Men's Heavyweight,0.0391566265060241
Boxing Men's Flyweight,0.03966942148760331
Athletics Men's 10 mile Walk,0.04
Swimming Women's 10 kilometres Open Water,0.04
"Athletics Men's 3,500 metres Walk",0.04
Tennis Women's Doubles,0.04
Archery Men's Continental Style,0.04
"Canoeing Men's Canadian Singles, 200 metres",0.04
Swimming Men's 10 kilometres Open Water,0.04
Athletics Women's Javelin Throw,0.04
Shooting Men's Double Trap,0.040268456375838924
"Shooting Mixed Running Target, 50 metres",0.04054054054054054
Judo Women's Half-Middleweight,0.040697674418604654
Athletics Women's 80 metres Hurdles,0.04081632653061224
Athletics Women's Pentathlon,0.040983606557377046
Cycling Women's Individual Time Trial,0.0410958904109589
Athletics Women's Discus Throw,0.0412573673870334
Athletics Men's Hammer Throw,0.041474654377880185
Beach Volleyball Men's Beach Volleyball,0.041666666666666664
"Athletics Men's 3,200 metres Steeplechase",0.041666666666666664
Shooting Men's Dueling Pistol Au Vise 20 metres,0.041666666666666664
"Canoeing Men's Kayak Singles, 500 metres",0.04205607476635514
Athletics Men's Shot Put,0.04239766081871345
Sailing Men's One Person Heavyweight Dinghy,0.0425531914893617
"Shooting Men's Running Target, Single Shot",0.0425531914893617
Tennis Men's Doubles,0.042666666666666665
Sailing Mixed Two Person Dinghy,0.04285714285714286
Diving Women's Platform,0.0430327868852459
"Cycling Men's 1,000 metres Time Trial",0.04316546762589928
Beach Volleyball Women's Beach Volleyball,0.043478260869565216
"Shooting Men's Running Target, 50 metres",0.043478260869565216
Judo Women's Lightweight,0.04375
"Cycling Men's Individual Pursuit, 4,000 metres",0.04395604395604396
Judo Women's Half-Lightweight,0.0440251572327044
Diving Women's Springboard,0.044061302681992334
Cycling Women's Keirin,0.044444444444444446
"Fencing Men's epee, Masters, Individual",0.044444444444444446
"Canoeing Women's Kayak Singles, Slalom",0.044444444444444446
Athletics Men's 10 kilometres Walk,0.044642857142857144
Cycling Men's Keirin,0.044642857142857144
Sailing Mixed Two Person Heavyweight Dinghy,0.044642857142857144
Athletics Men's Pole Vault,0.044977511244377814
Judo Women's Middleweight,0.04516129032258064
Judo Women's Extra-Lightweight,0.04516129032258064
Athletics Women's Shot Put,0.04534005037783375
"Shooting Men's Small-Bore Rifle, Moving Target, 25 yards",0.045454545454545456
Archery Men's Double American Round,0.045454545454545456
"Shooting Men's Military Rifle, Prone, 300 metres",0.045454545454545456
"Shooting Men's Dueling Pistol Au Commandement, 25 metres",0.045454545454545456
"Shooting Men's Small-Bore Rifle, Disappearing Target, 25 yards",0.045454545454545456
"Athletics Men's Discus Throw, Greek Style",0.045454545454545456
Badminton Women's Doubles,0.0457516339869281
Boxing Men's Middleweight,0.04595588235294118
Badminton Mixed Doubles,0.046153846153846156
Weightlifting Men's Middle-Heavyweight,0.04644808743169399
"Art Competitions Mixed Sculpturing, Medals And Reliefs",0.046511627906976744
Archery Men's Double York Round,0.046511627906976744
Weightlifting Men's Heavyweight I,0.04672897196261682
Synchronized Swimming Women's Duet,0.04678362573099415
"Equestrianism Men's Dressage, Individual",0.04697986577181208
Boxing Men's Light-Heavyweight,0.0471311475409836
"Canoeing Men's Kayak Singles, 200 metres",0.047619047619047616
"Canoeing Men's Kayak Doubles, 500 metres",0.047619047619047616
Judo Women's Half-Heavyweight,0.047619047619047616
"Fencing Men's Sabre, Individual, Three Hits",0.047619047619047616
Badminton Men's Doubles,0.047619047619047616
"Canoeing Men's Canadian Singles, Slalom",0.04790419161676647
"Canoeing Men's Kayak Singles, 1,000 metres",0.047979797979797977
"Wrestling Men's Lightweight, Greco-Roman",0.04826254826254826
Judo Women's Heavyweight,0.04827586206896552
Sailing Mixed Three Person Keelboat,0.04854368932038835
Weightlifting Men's Bantamweight,0.04878048780487805
Weightlifting Men's Featherweight,0.04893617021276596
Weightlifting Men's Middleweight,0.04925053533190578
Cycling Women's Points Race,0.04938271604938271
"Shooting Men's Running Target, 10 metres",0.04938271604938271
Weightlifting Men's Flyweight,0.04964539007092199
Rowing Men's Lightweight Double Sculls,0.05
Gymnastics Men's Rope Climbing,0.05
"Shooting Men's Small-Bore Rifle, Prone, 50 and 100 yards",0.05
"Athletics Men's Discus Throw, Both Hands",0.05
Sailing Men's Skiff,0.05
Sailing Women's Skiff,0.05
"Shooting Men's Military Rifle, 200 metres",0.05
"Wrestling Men's Featherweight, Greco-Roman",0.05052631578947368
Sailing Women's Two Person Dinghy,0.05063291139240506
Shooting Women's Trap,0.05154639175257732
Weightlifting Men's Light-Heavyweight,0.0515695067264574
Rowing Women's Single Sculls,0.05188679245283019
Weightlifting Men's Lightweight,0.05230125523012552
"Wrestling Women's Featherweight, Freestyle",0.05263157894736842
Weightlifting Men's Heavyweight II,0.05263157894736842
Athletics Men's Pentathlon,0.05333333333333334
"Wrestling Men's Bantamweight, Greco-Roman",0.05341246290801187
"Wrestling Men's Lightweight, Freestyle",0.053452115812917596
"Wrestling Men's Welterweight, Freestyle",0.053488372093023255
"Shooting Men's Running Target, Double Shot",0.05405405405405406
Swimming Men's 400 metres Breaststroke,0.05405405405405406
Athletics Men's 4 x 100 metres Relay,0.05445026178010471
Sailing Mixed Skiff,0.05454545454545454
Canoeing Men's Kayak Relay 4 x 500 metres,0.0547945205479452
Judo Men's Open Class,0.054945054945054944
Sailing Mixed Two Person Keelboat,0.055384615384615386
Cycling Men's Omnium,0.05555555555555555
Cycling Women's Omnium,0.05555555555555555
Equestrianism Mixed Hacks And Hunter Combined,0.05555555555555555
"Equestrianism Men's Vaulting, Individual",0.05555555555555555
"Wrestling Women's Light-Heavyweight, Freestyle",0.05555555555555555
"Wrestling Men's Welterweight, Greco-Roman",0.05555555555555555
"Shooting Men's Military Rifle, Prone, 600 metres",0.05555555555555555
"Canoeing Men's Kayak Doubles, 1,000 metres",0.05571847507331378
Sailing Mixed Multihull,0.056022408963585436
"Wrestling Men's Featherweight, Freestyle",0.05630630630630631
Rowing Women's Lightweight Double Sculls,0.056338028169014086
"Wrestling Men's Middleweight, Greco-Roman",0.05656108597285068
Shooting Women's Double Trap,0.05660377358490566
"Shooting Men's Free Rifle, 400, 600 and 800 metres, Team",0.056818181818181816
"Wrestling Men's Flyweight, Freestyle",0.056910569105691054
"Wrestling Men's Middleweight, Freestyle",0.057007125890736345
"Wrestling Women's Middleweight, Freestyle",0.058823529411764705
"Art Competitions Mixed Music, Compositions For Orchestra",0.058823529411764705
"Wrestling Women's Flyweight, Freestyle",0.058823529411764705
"Wrestling Men's Flyweight, Greco-Roman",0.0593607305936073
"Wrestling Men's Bantamweight, Freestyle",0.05970149253731343
"Wrestling Women's Lightweight, Freestyle",0.05970149253731343
"Wrestling Men's Light-Heavyweight, Freestyle",0.06005221932114883
Weightlifting Men's Heavyweight,0.06020066889632107
"Wrestling Men's Light-Heavyweight, Greco-Roman",0.06030150753768844
"Canoeing Men's Canadian Singles, 500 metres",0.06040268456375839
Rowing Men's Single Sculls,0.06047516198704104
Weightlifting Men's Super-Heavyweight,0.06091370558375635
Athletics Men's Standing Long Jump,0.06097560975609756
Shooting Women's Skeet,0.06097560975609756
"Canoeing Women's Kayak Singles, 500 metres",0.061016949152542375
Sailing Men's Two Person Keelboat,0.061224489795918366
Boxing Men's Super-Heavyweight,0.06164383561643835
Table Tennis Women's Team,0.06206896551724138
"Wrestling Women's Heavyweight, Freestyle",0.0625
Art Competitions Mixed Architecture,0.0625
"Shooting Men's Military Pistol, 25 metres",0.0625
Athletics Men's Stone Throw,0.0625
"Wrestling Men's Super-Heavyweight, Freestyle",0.0625
"Shooting Men's Military Rifle, Standing, 300 metres",0.0625
"Wrestling Men's Super-Heavyweight, Greco-Roman",0.0625
"Swimming Men's 1,000 metres Freestyle",0.0625
Table Tennis Men's Team,0.0625
Swimming Women's 300 metres Freestyle,0.0625
Cycling Women's BMX,0.0625
Cycling Men's Madison,0.0625
Cycling Men's 333 metres Time Trial,0.0625
"Wrestling Men's Light-Flyweight, Greco-Roman",0.06363636363636363
"Cycling Men's Road Race, Team",0.06379821958456973
Athletics Men's 4 x 400 metres Relay,0.06403659233847914
Weightlifting Women's Lightweight,0.0641025641025641
Taekwondo Men's Welterweight,0.0641025641025641
Archery Women's Double National Round,0.06451612903225806
Swimming Men's One Mile Freestyle,0.06451612903225806
Taekwondo Men's Flyweight,0.06493506493506493
Taekwondo Men's Featherweight,0.06493506493506493
Modern Pentathlon Men's Team,0.0650887573964497
Sailing Mixed 0.5-1 Ton,0.06557377049180328
Trampolining Men's Individual,0.06578947368421052
Trampolining Women's Individual,0.06578947368421052
"Equestrianism Mixed Jumping, Team",0.06586169045005488
Taekwondo Women's Welterweight,0.06666666666666667
"Shooting Men's Military Rifle, Standing, 300 metres, Team",0.06666666666666667
"Athletics Men's 3,000 metres Walk",0.06666666666666667
"Shooting Men's Military Rifle, Prone, 300 metres, Team",0.06666666666666667
Taekwondo Women's Flyweight,0.06666666666666667
Taekwondo Women's Heavyweight,0.06666666666666667
Taekwondo Men's Heavyweight,0.06666666666666667
Art Competitions Mixed Literature,0.06666666666666667
Archery Men's Team,0.06666666666666667
"Canoeing Men's Kayak Fours, 1,000 metres",0.06698564593301436
Cycling Women's Sprint,0.06722689075630252
Taekwondo Women's Featherweight,0.06756756756756757
Boxing Men's Heavyweight,0.06793478260869565
"Canoeing Men's Canadian Doubles, 500 metres",0.06870229007633588
"Fencing Men's Sabre, Masters, Individual",0.06896551724137931
Cycling Women's 500 metres Time Trial,0.06896551724137931
"Tennis Men's Singles, Covered Courts",0.06896551724137931
Sailing Women's Three Person Keelboat,0.06976744186046512
"Canoeing Men's Canadian Doubles, Slalom",0.07017543859649122
"Canoeing Men's Kayak Doubles, 10,000 metres",0.07017543859649122
Sailing Mixed 5.5 metres,0.07017543859649122
"Wrestling Men's Light-Flyweight, Freestyle",0.07017543859649122
"Wrestling Men's Heavyweight, Greco-Roman",0.07084468664850137
Basketball Men's Basketball,0.07134146341463414
"Canoeing Men's Kayak Singles, 10,000 metres",0.07142857142857142
"Athletics Men's Javelin Throw, Both Hands",0.07142857142857142
"Shooting Men's Military Rifle, Prone, 600 metres, Team",0.07142857142857142
"Canoeing Women's Kayak Doubles, 500 metres",0.07142857142857142
Swimming Men's Underwater Swimming,0.07142857142857142
"Shooting Men's Military Rifle, 300 metres and 600 metres, Prone, Team",0.07142857142857142
Rowing Men's Lightweight Coxless Fours,0.0718562874251497
"Canoeing Men's Canadian Singles, 1,000 metres",0.07196969696969698
Football Men's Football,0.07221350078492936
"Wrestling Men's Heavyweight, Freestyle",0.0728862973760933
Weightlifting Women's Light-Heavyweight,0.07352941176470588
"Cycling Men's Team Pursuit, 4,000 metres",0.073992673992674
Archery Women's Team,0.07407407407407407
Weightlifting Women's Flyweight,0.07462686567164178
Weightlifting Women's Heavyweight,0.07462686567164178
Diving Women's Plain High,0.075
"Cycling Women's Individual Pursuit, 3,000 metres",0.07575757575757576
"Canoeing Men's Kayak Doubles, 200 metres",0.07692307692307693
Gymnastics Women's Team Portable Apparatus,0.07692307692307693
"Canoeing Men's Folding Kayak Singles, 10 kilometres",0.07692307692307693
"Canoeing Men's Folding Kayak Doubles, 10 kilometres",0.07692307692307693
Rowing Men's Coxless Pairs,0.07717041800643087
Weightlifting Women's Super-Heavyweight,0.078125
Athletics Women's 4 x 100 metres Relay,0.07836456558773425
Swimming Men's 4 x 100 metres Freestyle Relay,0.07897545357524013
"Fencing Men's epee, Team",0.0793368857312019
"Equestrianism Mixed Three-Day Event, Team",0.07983761840324763
Rowing Men's Quadruple Sculls,0.08
"Shooting Men's Running Target, Single And Double Shot",0.08
Rowing Men's Double Sculls,0.08067226890756303
"Equestrianism Men's Three-Day Event, Team",0.08088235294117647
Rugby Sevens Women's Rugby Sevens,0.08108108108108109
"Canoeing Men's Canadian Doubles, 1,000 metres",0.0811965811965812
Weightlifting Women's Middleweight,0.08196721311475409
Tennis Mixed Doubles,0.08235294117647059
Sailing Mixed 0-0.5 Ton,0.08333333333333333
"Shooting Men's Trap, Single Shot, 16 metres",0.08333333333333333
Cycling Men's 1/2 mile,0.08333333333333333
Swimming Men's 200 metres Obstacle Course,0.08333333333333333
Boxing Women's Middleweight,0.08333333333333333
Boxing Women's Flyweight,0.08333333333333333
Boxing Women's Lightweight,0.08333333333333333
"Canoeing Women's Kayak Fours, 500 metres",0.08411214953271028
Athletics Women's 4 x 400 metres Relay,0.08411214953271028
Athletics Men's Standing High Jump,0.0847457627118644
Rowing Men's Coxed Fours,0.085
Water Polo Men's Water Polo,0.08546754020250148
Handball Men's Handball,0.08568904593639576
"Equestrianism Men's Jumping, Team",0.08571428571428572
Rugby Sevens Men's Rugby Sevens,0.08609271523178808
Weightlifting Women's Featherweight,0.08620689655172414
Rowing Men's Coxed Pairs,0.0864
Rowing Men's Coxless Fours,0.08672086720867209
Gymnastics Women's Team All-Around,0.08692722371967655
Cycling Men's Team Sprint,0.0872093023255814
"Art Competitions Mixed Literature, Lyric Works",0.08823529411764706
Swimming Women's 4 x 200 metres Freestyle Relay,0.08874458874458875
Volleyball Men's Volleyball,0.0891993551853842
"Fencing Men's Foil, Team",0.0896551724137931
Jeu De Paume Men's Singles,0.09090909090909091
Rhythmic Gymnastics Women's Group,0.09090909090909091
"Rowing Men's Coxed Fours, Outriggers",0.09090909090909091
"Art Competitions Mixed Sculpturing, Reliefs",0.09090909090909091
Cycling Men's 1/4 mile,0.09090909090909091
"Shooting Men's Military Pistol, 30 metres",0.09090909090909091
Athletics Men's 60 metres,0.09090909090909091
Hockey Men's Hockey,0.09095502779181405
Swimming Men's 4 x 100 metres Medley Relay,0.09098228663446055
"Cycling Men's Tandem Sprint, 2,000 metres",0.09395973154362416
Rowing Women's Double Sculls,0.09482758620689655
Rowing Women's Coxless Pairs,0.09649122807017543
"Fencing Men's Sabre, Team",0.09651076466221233
Cycling Women's Team Pursuit,0.09859154929577464
"Fencing Women's Foil, Team",0.09868421052631579
Swimming Men's 4 x 200 metres Freestyle Relay,0.09915748541801685
Football Women's Football,0.09980237154150198
"Shooting Men's Trap, Double Shot, 14 metres",0.1
Cycling Men's 25 kilometres,0.1
Cycling Men's 25 mile,0.1
"Shooting Men's Military Rifle, 200, 400, 500 and 600 metres, Team",0.1
"Shooting Men's Small Bore-Rifle, Standing, 50 metres, Team",0.1
Rowing Men's Coxed Eights,0.10070160957490713
Volleyball Women's Volleyball,0.10110174983797797
Gymnastics Men's Team All-Around,0.10327664869348818
Basketball Women's Basketball,0.10429936305732485
Swimming Women's 4 x 100 metres Medley Relay,0.10471698113207548
Cycling Women's Team Sprint,0.10526315789473684
Swimming Women's 4 x 100 metres Freestyle Relay,0.10693877551020409
Hockey Women's Hockey,0.10829335161069226
"Shooting Men's Military Pistol, Team",0.10869565217391304
"Equestrianism Mixed Dressage, Team",0.10887096774193548
Handball Women's Handball,0.11063526052819414
Cycling Men's 5 mile,0.1111111111111111
Rowing Women's Coxless Fours,0.1111111111111111
"Croquet Mixed Singles, One Ball",0.1111111111111111
Figure Skating Men's Singles,0.1111111111111111
"Art Competitions Mixed Music, Compositions For Solo Or Chorus",0.1111111111111111
Athletics Men's 56-pound Weight Throw,0.1111111111111111
"Athletics Men's 1,500 metres Walk",0.1111111111111111
"Art Competitions Mixed Literature, Epic Works",0.1111111111111111
Rowing Women's Quadruple Sculls,0.11552346570397112
Rowing Women's Coxed Fours,0.11695906432748537
Sailing Mixed 6 metres,0.11926605504587157
"Fencing Women's epee, Team",0.12025316455696203
Cycling Men's 1 mile,0.125
"Canoeing Men's Canadian Singles, 10,000 metres",0.125
"Croquet Mixed Singles, Two Balls",0.125
Diving Men's Synchronized Springboard,0.125
"Fencing Men's epee, Masters and Amateurs, Individual",0.125
Rowing Men's Coxed Pairs (1 kilometres),0.125
Sailing Mixed 3-10 Ton,0.125
Diving Women's Synchronized Platform,0.125
Diving Women's Synchronized Springboard,0.125
"Tennis Mixed Doubles, Covered Courts",0.125
Equestrianism Mixed Long Jump,0.125
Diving Men's Synchronized Platform,0.125
"Shooting Men's Free Rifle, Three Positions, 300 metres, Team",0.125
"Shooting Men's Military Rifle, 200/500/600/800/900/1,000 Yards, Team",0.125
Athletics Men's 200 metres Hurdles,0.125
"Weightlifting Men's Unlimited, One Hand",0.125
"Athletics Men's 4,000 metres Steeplechase",0.125
"Archery Men's Au Cordon Dore, 50 metres",0.125
Baseball Men's Baseball,0.12527964205816555
Softball Women's Softball,0.12552301255230125
Water Polo Women's Water Polo,0.1290983606557377
Synchronized Swimming Women's Team,0.1291866028708134
"Fencing Women's Sabre, Team",0.13333333333333333
"Canoeing Men's Canadian Doubles, 10,000 metres",0.13333333333333333
"Shooting Men's Free Pistol, 50 metres, Team",0.13333333333333333
Ice Hockey Men's Ice Hockey,0.13333333333333333
"Tennis Women's Singles, Covered Courts",0.13333333333333333
"Shooting Men's Trap, Team",0.1348314606741573
Rowing Women's Coxed Quadruple Sculls,0.13559322033898305
"Athletics Men's 1,600 metres Medley Relay",0.13793103448275862
Rowing Women's Coxed Eights,0.14022662889518414
Athletics Men's All-Around Championship,0.14285714285714285
Athletics Men's Standing Triple Jump,0.14285714285714285
"Athletics Men's 2,590 metres Steeplechase",0.14285714285714285
"Athletics Men's Shot Put, Both Hands",0.14285714285714285
Motorboating Mixed A-Class (Open),0.14285714285714285
"Shooting Men's Free Pistol, 50 yards, Team",0.14285714285714285
Cycling Men's 12-Hours Race,0.14285714285714285
"Shooting Men's Dueling Pistol, 30 metres, Team",0.14285714285714285
Rowing Men's Coxed Pairs (1 mile),0.14285714285714285
"Weightlifting Men's Unlimited, Two Hands",0.15
"Tennis Men's Doubles, Covered Courts",0.15384615384615385
"Equestrianism Men's Dressage, Team",0.16
"Athletics Men's 3,000 metres, Team",0.16161616161616163
"Cycling Men's 10,000 metres",0.16666666666666666
Swimming Men's 100 yard Freestyle,0.16666666666666666
Racquets Men's Singles,0.16666666666666666
Swimming Men's 880 yard Freestyle,0.16666666666666666
Swimming Men's 50 yard Freestyle,0.16666666666666666
Swimming Men's 100 Yard Backstroke,0.16666666666666666
"Swimming Men's 1,200 metres Freestyle",0.16666666666666666
"Shooting Men's Small-Bore Rifle, Prone, 50 metres, Team",0.16666666666666666
"Rowing Men's Coxed Fours, Inriggers",0.16666666666666666
Archery Women's Double Columbia Round,0.16666666666666666
"Archery Men's Pole Archery, Small Birds, Individual",0.16666666666666666
"Archery Men's Pole Archery, Large Birds, Individual",0.16666666666666666
Cycling Men's 1/3 mile,0.16666666666666666
Swimming Men's 4 x 250 metres Freestyle Relay,0.16666666666666666
"Athletics Men's 2,500 metres Steeplechase",0.16666666666666666
Sailing Mixed 1-2 Ton,0.175
"Athletics Men's 3 mile, Team",0.17857142857142858
Figure Skating Women's Singles,0.18181818181818182
Figure Skating Mixed Pairs,0.18181818181818182
Cycling Men's 2 mile,0.2
"Wrestling Men's Unlimited Class, Greco-Roman",0.2
Swimming Men's Plunge For Distance,0.2
"Gymnastics Men's Individual All-Around, 4 Events",0.2
Rowing Men's 17-Man Naval Rowing Boats,0.2
"Shooting Men's Free Pistol, 30 metres",0.2
"Shooting Men's Running Target, Double Shot, Team",0.2
"Cycling Men's Team Pursuit, 1,980 yards",0.2
"Athletics Men's Cross-Country, Team",0.20689655172413793
Sailing Mixed 8 metres,0.21145374449339208
Swimming Men's 200 metres Team Swimming,0.2222222222222222
Polo Men's Polo,0.23157894736842105
"Shooting Men's Running Target, Single Shot, Team",0.2328767123287671
Swimming Men's 440 yard Freestyle,0.25
Swimming Men's 440 Yard Breaststroke,0.25
Sailing Mixed 20+ Ton,0.25
"Shooting Men's Muzzle-Loading Pistol, 25 metres",0.25
Roque Men's Singles,0.25
Rowing Men's 6-Man Naval Rowing Boats,0.25
"Shooting Men's Small-Bore Rifle, Disappearing Target, 25 metres, Team",0.25
Gymnastics Men's Tumbling,0.25
Archery Men's Team Round,0.25
Swimming Men's 4 x 50 Yard Freestyle Relay,0.25
Swimming Men's 220 yard Freestyle,0.25
"Archery Men's Au Chapelet, 50 metres",0.25
Tug-Of-War Men's Tug-Of-War,0.2529411764705882
Sailing Mixed 2-3 Ton,0.2727272727272727
Gymnastics Men's Club Swinging,0.2857142857142857
"Gymnastics Men's Team All-Around, Free System",0.3013698630136986
"Gymnastics Men's Team All-Around, Swedish System",0.32653061224489793
Weightlifting Men's All-Around Dumbbell Contest,0.3333333333333333
"Fencing Men's Single Sticks, Individual",0.3333333333333333
Swimming Men's 500 metres Freestyle,0.3333333333333333
"Equestrianism Men's Vaulting, Team",0.3333333333333333
Equestrianism Mixed High Jump,0.3333333333333333
Racquets Men's Doubles,0.3333333333333333
Golf Men's Team,0.3333333333333333
Swimming Men's 100 metres Freestyle For Sailors,0.3333333333333333
"Archery Men's Au Chapelet, 33 metres",0.3333333333333333
"Archery Men's Au Cordon Dore, 33 metres",0.3333333333333333
Figure Skating Men's Special Figures,0.3333333333333333
Sailing Mixed 10-20 Ton,0.3333333333333333
Archery Men's Sur La Perche a La Pyramide,0.3333333333333333
"Shooting Men's Small-Bore Rifle, 50 and 100 yards, Team",0.3333333333333333
"Archery Men's Target Archery, 28 metres, Team",0.3333333333333333
"Wrestling Men's All-Around, Greco-Roman",0.3333333333333333
Archery Men's Sur La Perche a La Herse,0.3333333333333333
Lacrosse Men's Lacrosse,0.4
Rugby Men's Rugby,0.41358024691358025
Sailing Mixed 6.5 metres,0.5
Sailing Mixed 40 metres,0.5
"Archery Men's Target Archery, 33 metres, Team",0.5
"Archery Men's Target Archery, 28 metres, Individual",0.5
"Archery Men's Target Archery, 33 metres, Individual",0.5
"Archery Men's Target Archery, 50 metres, Individual",0.5
"Archery Men's Target Archery, 50 metres, Team",0.5
"Athletics Men's 4 mile, Team",0.5
"Athletics Men's 5,000 metres, Team",0.5
Cricket Men's Cricket,0.5
Archery Men's Championnat Du Monde,0.5
Sailing Mixed 10 metres,0.5238095238095238
Sailing Mixed 12 metres,0.5846153846153846
Sailing Mixed 12 foot,0.6
Motorboating Mixed B-Class (Under 60 Feet),0.6
Motorboating Mixed C-Class,0.6
Sailing Mixed 7 metres,0.6666666666666666
"Gymnastics Men's Parallel Bars, Teams",0.8333333333333334
Sailing Mixed 30 metres,1.0
"Archery Men's Pole Archery, Large Birds, Team",1.0
Archery Women's Team Round,1.0
"Archery Men's Pole Archery, Small Birds, Team",1.0
Basque Pelota Men's Two-Man Teams With Cesta,1.0
Croquet Mixed Doubles,1.0
"Gymnastics Men's Horizontal Bar, Teams",1.0
Alpinism Mixed Alpinism,1.0
Aeronautics Mixed Aeronautics,1.0
